"AAPL","VOXX","UEIC","IRBT","LPL","TXN","NVDA","INTC","QCOM","AMD","MU","TSM","TECH","ALXN","VRTX","REGN","NVAX","GOOGL","SSTK","FB","ZG","MTCH","ANGI","JNJ","PFE","AZN","BIIB","NVS","MRK","HZNP"
14.136668,9.66,19.1,22.879999,13.36,26.518103,11.344727,16.5431,51.405907,2.6,7.56,13.650681,65.627037,93.989998,44.779999,173.940002,35.799999,378.223236,23.388142,30.98,11.799189,10.698062,12.55,58.873264,19.204977,16.914412,156.080002,44.344654,33.391624,2.13
13.699365,9.95,19.540001,21.440001,13.9,27.776854,11.714862,16.417292,51.110023,2.49,8.38,14.043121,62.248646,86.739998,46.82,167,36.400002,401.001007,30.220116,27.25,13.395697,10.568392,17.059999,60.617485,19.436745,15.952488,166.339996,44.331573,32.990147,2.11
13.818541,10.71,23.25,25.66,14.59,28.623957,11.945004,17.35667,52.122265,2.55,9.98,13.227465,62.392593,92.139999,54.970001,176.399994,45.599998,397.492493,41.696339,25.58,17.047085,11.652922,19.76,65.453621,20.494869,18.278713,192.619995,48.351158,34.12508,2.71
13.822287,9.53,22.98,29.09,13.72,29.212894,12.820166,19.033524,48.14138,2.82,9.42,14.681794,58.981003,98,76.82,215.139999,47,412.697693,38.655788,27.77,18.344248,12.276255,24.24,68.424034,20.643988,18.988213,218.929993,50.061501,36.636608,2.4
14.039246,11.12,26.700001,33.790001,13.72,29.197266,13.47188,19.295782,49.61063,4,11.68,14.35861,61.16037,97.580002,80.330002,241.880005,38.200001,436.046051,43.88406,24.35,17.505457,12.643993,23.459999,67.581085,19.337326,18.743181,237.490005,48.704086,36.40276,2.37
12.46043,12.27,28.129999,39.77,11.87,28.335409,13.13794,19.437439,47.742813,4.08,14.33,14.096985,63.814762,92.239998,80.059998,224.880005,41,440.625641,51.707909,24.879999,17.555347,12.470496,26.559999,69.447975,20.057056,17.298586,215.199997,47.991436,36.207893,2.46
14.220158,13.55,30.83,34.959999,12.39,31.85598,13.512237,18.72348,50.73439,3.77,13.24,13.065871,68.11956,116.190002,79.800003,270.059998,53.799999,444.319305,49.269913,36.799999,23.037106,13.264645,22.02,75.627579,20.930656,18.549349,218.130005,48.602276,37.893482,2.52
15.310246,12.16,30.16,32.669998,12.98,31.283148,13.802319,17.632481,52.086052,3.27,13.57,13.098107,71.602211,107.760002,75.150002,242.309998,63,423.873871,46.016148,41.290001,30.074837,12.866261,20.959999,69.89283,20.365,17.997108,213.020004,49.532104,37.201225,2.53
15.08016,13.7,36.029999,37.650002,11.93,32.994724,14.633692,18.566465,53.182365,3.81,17.469999,13.414485,74.245552,116.160004,75.82,312.869995,63,438.393402,67.411247,50.23,26.286249,14.397641,22.49,70.647614,20.740393,19.330273,240.759995,52.06369,37.452953,3.35
16.533607,15.51,38.91,33.869999,11.7,34.4688,14.285721,19.822048,54.896656,3.34,17.68,14.561364,81.043182,122.949997,71.349998,287.600006,62,515.805786,65.631424,50.209999,24.830059,14.060544,14.08,75.472084,22.155331,19.676453,244.190002,52.633808,35.79026,4.19
17.589146,17.84,38.009998,33.209999,11.59,35.473518,14.671314,19.311716,58.12772,3.64,21.1,14.023519,79.32756,124.5,69.419998,293.859985,74.400002,530.325317,68.579269,47.009998,24.515123,15.066563,13.02,77.142723,22.906111,21.288239,290.970001,53.699379,39.552639,7.22
17.849323,16.700001,38.110001,34.77,12.14,36.224239,15.147904,21.225887,58.937107,3.87,21.75,13.794142,88.111084,132.880005,74.300003,275.23999,102.400002,560.915894,77.52478,54.650002,25.484877,18.154509,15.15,75.161919,22.283203,22.099714,279.570007,54.554546,39.727268,7.62
15.927006,13.33,35.740002,35.34,11.73,34.97855,14.845325,20.064842,58.913284,3.43,23.040001,13.382849,84.574356,158.729996,79.040001,288.589996,108.800003,591.07605,74.725258,62.57,25.600248,18.522097,17.940001,72.601555,22.115881,23.637058,312.640015,53.66544,42.42638,9.86
16.742769,13,41.790001,41.919998,11.34,37.351646,17.379433,20.24472,59.762604,3.71,24.190001,14.292439,82.684959,176.800003,80.860001,332.5,128,608.433411,92.125,68.459999,26.067976,20.502829,13.91,75.596848,23.3599,25.222786,340.679993,56.454933,45.646198,12.22
17.179056,13.68,38.389999,41.049999,12.5,39.179348,17.011486,21.304482,62.596352,4.01,23.66,15.834792,79.73304,152.130005,70.720001,300.279999,90.599998,557.812805,67.309288,60.240002,27.471157,18.947805,12.18,81.190987,23.562025,24.843365,305.869995,59.648163,45.469997,15.12
18.886589,11.75,37.349998,33.5,13.31,37.758728,17.54339,22.030865,62.769089,4.09,26.120001,15.898067,83.412842,158.199997,67.699997,296.890015,87.599998,534.880005,67.216576,59.779999,33.894608,17.591549,11.31,83.720207,22.945835,30.269243,287.119995,60.995193,47.26981,14.18
20.259981,8.66,45.48,35.330002,13.22,39.284138,18.046803,22.550892,64.1567,4,28.59,16.261902,81.993225,166.320007,72.260002,306.959991,94.199997,571.650024,60.291904,63.299999,36.800747,17.572971,10.65,83.860725,21.735449,27.646282,319.369995,63.184113,46.704754,14.19
20.936701,9.41,48.880001,40.950001,15.77,39.961452,17.690985,25.725109,63.159863,4.19,32.950001,16.918386,86.755707,156.25,94.68,282.470001,92.400002,584.669983,76.922241,67.290001,44.56813,18.442558,11.94,87.075241,21.96619,28.454226,315.309998,63.513859,46.69669,15.82
21.538235,9.91,47.630001,32.369999,16.25,38.673725,16.698614,28.214376,59.098225,3.91,30.549999,15.818969,87.458595,158.990005,88.910004,316.220001,86.800003,579.549988,72.250175,72.650002,44.755222,17.901775,8.33,83.304916,21.240894,27.872206,334.390015,60.995193,46.145943,8.51
23.092773,9.9,54.669998,32.43,17.26,40.544441,18.559311,29.071877,61.006184,4.17,32.599998,16.935167,89.520401,169.289993,93.57,350.459991,93.800003,582.359985,65.631424,74.82,44.733395,18.53846,7.67,86.334488,21.943464,29.105185,343.040009,63.029778,48.886719,10.3
22.811411,9.3,49.369999,30.450001,15.75,40.132103,17.682985,29.181452,60.271568,3.41,34.259998,16.320522,87.956398,165.820007,112.309998,360.519989,83.400002,588.409973,66.169075,79.040001,36.167759,17.648668,6.37,89.314934,22.077862,27.715685,330.809998,66.039536,48.211689,12.28
24.452927,8.53,56.889999,35.720001,15.02,41.789886,18.727671,28.502619,63.286373,2.8,33.09,17.808619,85.605881,191.360001,112.639999,393.720001,112,567.869995,72.083313,74.989998,33.903961,18.128046,6.97,90.312073,22.361584,28.297623,321.079987,65.029266,47.465607,12.94
26.927656,8.41,60.509998,36.419998,15.32,46.118835,20.098219,31.217957,58.764179,2.79,35.950001,18.9813,86.132393,194.899994,117.879997,416.109985,106.800003,549.080017,69.691658,77.699997,36.906765,17.482628,5.94,90.705902,23.257534,28.774809,307.690002,67.807518,49.480888,12.78
25.100164,8.76,65.029999,34.720001,15.15,45.313755,19.297794,30.612831,60.267136,2.67,35.009998,18.099766,87.182945,185.029999,118.800003,410.25,118.599998,530.659973,64.055511,78.019997,33.018398,16.364782,6.23,88.193001,23.458963,27.304449,339.450012,65.008224,46.523514,12.89
26.641926,8,63.740002,31.549999,16.190001,45.296799,18.479681,27.871248,50.642868,2.57,29.27,18.366652,87.767952,183.240005,110.139999,416.660004,156.199997,537.549988,52.180683,75.910004,30.221392,16.407854,4.59,84.456772,23.534279,27.560505,389.160004,68.333694,49.75589,16.43
29.211523,8.6,56.509998,32.849998,15.47,50.141636,21.23238,28.048405,58.791454,3.11,30.67,19.838573,92.0233,180.369995,119.43,413.839996,183,562.630005,52.421703,78.970001,35.781105,18.14959,6.74,86.45562,25.846287,26.730274,409.589996,71.841591,48.319672,20.530001
28.406776,9.16,56.439999,32.630001,14.31,48.768723,20.222349,26.56735,56.221207,2.68,27.129999,18.989388,94.959587,173.300003,117.970001,451.480011,165.399994,554.700012,63.656918,82.220001,31.275335,18.266127,5.87,85.438652,26.43137,27.292891,422.23999,69.18261,47.444733,25.969999
28.571152,9.53,53.939999,32.419998,13.82,46.227528,21.449404,27.654858,55.455944,2.26,28.129999,19.765787,90.859703,169.229996,123.279999,457.459991,154.600006,548.77002,62.563053,78.769997,30.4459,18.902344,5.87,84.249626,25.777992,27.312836,373.929993,73.440979,49.55941,28.120001
29.742304,8.55,51.82,31.950001,13.21,47.979347,21.381771,29.277617,56.826042,2.28,27.93,19.636387,95.868546,163.839996,128.289993,512.559998,180,545.320007,59.318562,79.190002,28.497038,20.323673,6.27,85.047989,26.400978,26.941912,396.98999,74.111916,50.666092,32.43
28.754684,8.28,49.84,31.879999,11.59,44.19556,19.520008,26.032076,51.076572,2.4,18.84,18.366652,93.540016,180.770004,123.480003,510.130005,222.800003,540.039978,54.359127,85.769997,27.047085,21.667391,6.16,83.375473,25.684879,25.410345,403.940002,70.944862,47.371002,34.740002
27.807886,8,51.84,30.790001,9.57,42.882816,19.364702,24.774111,52.876133,1.93,18.51,18.449812,103.903778,197.440002,135,553.659973,241.199997,657.5,49.529469,94.010002,25.413158,21.014597,5,85.72805,27.622929,26.953876,318.779999,74.847771,49.433327,36.849998
25.850096,7.75,45.59,29.299999,10.02,41.327282,21.820477,24.423254,46.462692,1.81,16.41,16.588974,89.749771,172.190002,127.519997,513.5,215.399994,647.820007,31.063677,89.43,25.379999,18.985487,5.29,80.398384,24.681383,24.951679,297.299988,70.136864,45.148994,29.219999
25.4006,7.42,42.029999,29.139999,9.5,42.778564,24.027483,26.006727,44.494053,1.72,14.98,17.314951,88.095573,156.389999,104.139999,465.140015,141.399994,638.369995,28.0324,89.900002,28.73,17.834805,5.04,80.470345,24.248928,25.722372,291.809998,66.313309,41.40963,19.82
27.519243,5.16,47.57,30.01,9.5,48.99839,27.653534,29.216587,49.205963,2.12,16.559999,18.324642,84.036667,176,124.739998,557.390015,135,737.390015,26.400887,101.970001,30.809999,18.310255,7.73,87.090729,26.109482,25.778955,290.51001,65.238396,46.22266,15.72
27.242897,5.74,52.990002,33.09,10.82,50.536526,30.918934,30.001793,40.40321,2.36,15.93,18.992208,86.904587,178.440002,129.360001,544.5,171.199997,762.849976,33.622196,104.239998,26.030001,17.157152,10.81,87.271751,25.29887,27.525038,286.859985,61.494205,44.827354,21.530001
24.343718,5.26,51.349998,35.400002,10.44,47.658401,32.249615,29.935064,41.80563,2.87,14.16,18.983864,86.061844,190.75,125.830002,542.869995,167.800003,778.01001,29.979095,104.660004,26.040001,16.493063,9.35,89.200287,25.121721,27.444199,306.350006,62.071339,44.666672,21.67
22.512041,4.29,50.150002,33.93,9.05,46.023716,28.658714,26.954597,37.916927,2.2,11.03,18.65008,79.071693,145.929993,90.75,420.089996,103,761.349976,26.780952,112.209999,21.67,14.265607,8.49,90.693916,23.728672,26.045721,273.059998,56.249447,43.218838,17.5
22.361717,3.99,53.139999,31.34,10.01,46.450321,30.684101,25.712011,42.474659,2.14,10.63,19.651424,82.083847,140.800003,85.489998,384.019989,87.199997,717.219971,32.352211,106.919998,23.15,12.200197,9.23,91.362572,23.090509,23.176003,259.420013,51.30048,42.826488,17.16
25.343138,4.47,61.990002,35.299999,11.43,50.305119,34.989075,28.357704,43.168774,2.85,10.47,21.862738,90.72686,139.220001,79.489998,360.440002,103.199997,762.900024,34.048618,114.099998,25.549999,12.93078,8.07,94.639938,23.29907,23.500299,260.320007,54.296165,45.129444,16.57
21.7971,4.49,66.410004,37.380001,10.25,49.972214,34.890881,26.543163,42.645409,3.55,10.75,19.684805,89.440636,139.279999,84.339996,376.709991,104.800003,707.880005,38.025433,117.580002,25.02,12.727536,8.75,98.033699,25.712297,24.167915,274.98999,56.942024,47.184845,15.37
23.220165,3.31,64.93,38.5,10.9,53.429932,45.879593,27.691498,46.359581,4.57,12.72,20.627741,105.470451,150.899994,93.150002,398.929993,121.800003,748.849976,38.896805,118.809998,29.24,15.34775,8.8,98.567253,27.276573,24.785473,289.730011,59.595367,48.406631,17.23
22.364946,2.79,72.279999,35.080002,11.59,55.237389,46.284256,29.000525,45.654102,5.14,13.76,21.88777,108.585297,116.760002,86.019997,349.230011,145.399994,703.530029,42.456482,114.279999,36.650002,15.463105,6.51,106.855759,27.925329,25.194391,241.820007,61.843971,49.568184,16.469999
24.379189,2.65,77.339996,37.919998,13.96,61.497337,56.218475,30.821907,53.332722,6.86,13.74,24.051254,108.248283,128.600006,97,425.119995,146.399994,791.340027,51.068283,123.940002,39.41,15.919033,8.09,110.317757,29.25775,28.490768,289.929993,62.406116,50.883633,19.290001
24.821346,3.07,74.029999,39.860001,13.36,61.64082,60.393021,31.73259,53.750313,7.4,16.49,24.882399,101.440643,125.860001,94.510002,392.549988,136.800003,789.849976,53.747307,126.120003,33.830002,16.125025,10.16,105.129128,27.600161,27.380852,305.630005,59.040718,54.466125,18.799999
26.590519,2.99,74.459999,43.98,12.72,62.208122,67.586494,33.630135,58.873463,6.91,17.780001,26.484083,105.75914,122.540001,87.209999,402.019989,41.599998,804.059998,59.049732,128.270004,34.450001,17.15773,9.91,104.757431,27.085861,27.788864,313.029999,59.183117,54.136505,18.129999
26.705769,4.1,70.150002,50.700001,12.01,62.802025,70.190536,31.064444,59.06255,7.23,17.16,26.925629,100.437386,130.5,75.860001,345.019989,30.4,809.900024,54.683575,130.990005,33.029999,17.698799,7.7,102.85968,25.358507,23.949499,280.179993,53.231834,51.309189,16.719999
25.995438,4.85,67.349998,57,11.88,65.532158,90.943855,30.912996,58.555458,8.91,19.530001,25.704887,101.76059,122.589996,81.610001,379.23999,24.200001,775.880005,43.624496,118.419998,35.150002,18.500793,8.59,98.7006,25.702377,22.105932,294.070007,51.537888,53.467453,19.799999
27.381918,4.7,64.550003,58.450001,12.85,65.154442,105.443413,32.556297,56.475521,11.34,21.92,24.891054,99.633461,122.349998,73.669998,367.089996,25.200001,792.450012,44.050915,115.050003,36.450001,17.79493,8.23,102.873978,26.23333,23.103828,283.579987,54.595982,51.440258,16.18
28.689308,4.2,59.5,60.560001,13.48,67.449196,107.853775,33.049988,46.280479,10.37,24.110001,26.761133,98.587036,130.679993,85.870003,359.290009,26.200001,820.190002,49.872456,130.320007,35.98,18.899044,6.27,101.123863,25.627575,23.027716,277.23999,55.405479,54.582138,16.370001
32.386887,4.95,68.699997,57.080002,12.13,68.847816,100.247314,32.493465,48.922348,14.46,23.440001,27.245966,103.014977,131.25,90.620003,373.5,30.200001,844.929993,40.426353,135.539993,33.630001,20.308027,5.33,109.124481,27.557922,24.744434,288.600006,58.590988,57.998474,16.049999
34.111042,5.2,68.5,66.139999,13.62,72.388153,107.74263,32.607914,50.131622,14.55,28.9,28.432077,98.792618,121.239998,109.349998,387.51001,25.6,847.799988,38.331337,142.050003,33.810001,20.247604,5.7,111.949829,27.912109,27.207823,273.420013,55.667812,55.946915,14.78
34.108673,6.5,69.300003,79.739998,12.87,71.148132,103.163094,32.680241,46.984192,13.3,27.67,28.63121,104.069984,127.779999,118.300003,388.48999,16.4,924.52002,40.074093,150.25,38.490002,22.799152,5.88,110.979073,27.675495,26.430208,271.209991,59.83857,55.27755,15.38
36.27177,5.8,64.599998,92.720001,14.57,74.582153,142.776566,32.644081,50.070419,11.19,30.77,30.613836,108.92942,98.029999,123.599998,459.059998,18.4,987.090027,43.160999,151.460007,43.889999,29.206865,12.04,115.27552,26.639296,30.047432,247.770004,63.520699,57.743011,10
34.337669,8.2,66.849998,84.139999,16.07,69.555161,143.134842,30.728462,48.753582,12.48,29.860001,30.267525,114.525955,121.669998,128.869995,491.140015,23,929.679993,40.862045,150.979996,48.84,28.355434,12.79,119.695328,27.67152,29.785311,271.359985,64.841301,56.838406,11.87
35.460644,6.7,68.449997,105.510002,14.23,73.578537,160.907867,32.304054,46.961292,13.61,28.120001,32.147709,112.976173,137.339996,151.820007,491.619995,20.799999,945.5,39.063667,169.25,45.43,28.737204,11.98,120.084389,27.317287,26.369049,289.589996,66.185188,57.068733,11.98
39.101368,8.1,58.549999,95.419998,13.97,75.336945,167.769592,31.939756,46.149036,13,31.969999,33.050632,120.64698,142.410004,160.539993,496.899994,21,955.23999,31.128574,171.970001,39.919998,31.176146,12.16,119.7677,27.943378,26.063242,316.559998,65.478294,57.050861,13.68
36.890041,8.55,63.400002,77.059998,13.42,81.540726,177.163422,34.941441,46.27636,12.75,39.330002,33.569141,118.153214,140.289993,152.039993,447.119995,22.799999,973.719971,30.859745,170.869995,40.150002,32.293995,12.46,118.380661,29.697021,30.056469,313.119995,66.690132,57.202736,12.68
40.461285,6.7,60,67.190002,12.99,87.953728,204.951401,41.7407,45.535431,10.99,44.310001,37.842392,128.053909,119.660004,146.229996,402.619995,21.799999,1033.040039,36.143627,180.059998,41.310001,35.444294,12.5,126.93985,29.16464,30.606499,311.660004,64.149918,49.571957,13.56
41.133884,6.75,53.099998,68.620003,14.06,89.065872,198.90625,41.144272,59.220154,10.89,42.389999,35.401817,131.699463,109.809998,144.289993,361.859985,27.200001,1036.170044,39.388119,177.179993,41.060001,34.955406,11.58,126.867012,30.162853,29.160448,322.170013,66.651299,49.733929,14.38
40.652374,5.6,47.25,76.699997,13.76,95.611481,191.894287,42.60648,57.631248,10.28,41.119999,35.446514,126.937714,119.589996,149.860001,375.959991,24.799999,1053.400024,39.888691,176.460007,40.740002,33.584873,10.46,128.00119,30.404896,30.783926,318.570007,65.221931,50.633766,14.6
40.21999,5.95,46.099998,88.75,14.91,100.399376,243.760269,44.434055,61.439117,13.74,43.720001,40.506474,137.461151,119.32,166.869995,366.649994,40.400002,1182.219971,41.0289,186.889999,44.790001,39.816807,13.36,126.599541,31.093245,31.103296,347.809998,69.960548,53.768776,14.55
42.78793,5.4,49.5,67.949997,13.6,99.739899,239.99176,45.495525,58.513451,12.11,48.810001,38.754257,138.48999,117.449997,166.029999,320.440002,43.400002,1103.920044,46.581615,178.320007,47.540001,40.898949,14.79,118.986526,30.480442,29.444334,288.98999,64.748077,49.204098,14.58
40.468391,4.95,52.049999,64.190002,12.1,95.634315,229.810913,48.396866,50.308594,10.05,52.139999,39.120792,148.330902,111.459999,162.979996,344.359985,42,1037.140015,44.634926,159.789993,54,42.950626,13.58,118.153397,30.0681,31.903486,273.820007,62.806023,49.430977,14.2
39.860565,5,46.299999,58.360001,10.8,93.369797,223.172302,47.969398,46.313686,10.88,45.98,34.373726,148.203201,117.629997,153.160004,303.679993,31.200001,1018.580017,39.063667,172,48.369999,44.532642,13.36,116.622879,31.016991,32.414379,273.600006,61.755562,53.891109,13.24
45.072868,5.6,29.65,62.41,10.27,103.017014,250.252655,51.296219,52.769093,13.73,57.59,34.597225,147.623795,116.129997,154,300.320007,32.599998,1100,43.930401,191.779999,58.240002,42.610054,15.06,110.288788,30.44088,33.782848,293.959991,60.008141,54.495289,16.299999
44.820538,5.4,33.049999,75.769997,8.24,102.099937,235.225494,46.461086,51.485588,14.99,52.439999,32.684101,145.607178,124.150002,169.960007,344.98999,26.799999,1129.189941,43.995296,194.320007,59.75,41.882217,15.38,112.704353,31.037464,32.031208,290.23999,60.829517,55.566341,16.559999
46.07476,5.25,34.950001,79.25,9.38,103.090858,243.129242,44.95631,58.797421,18.33,52.790001,38.188553,158.096237,132.960007,175.050003,368.01001,25.4,1227.219971,42.706772,172.580002,56.369999,40.443024,15.71,123.088692,34.160027,35.698692,334.369995,67.561508,60.765095,17.629999
55.115868,5.4,43.200001,113.5,9.47,104.66732,278.696014,45.26474,63.035896,25.17,52.52,40.403316,189.126923,122.239998,184.399994,406.75,31.200001,1231.800049,51.021935,175.729996,48.099998,54.162064,21.66,125.104248,35.520264,34.97797,353.48999,66.844826,63.274284,21.139999
54.849937,5.2,39.349998,109.919998,8.67,99.908875,279.186279,44.468044,66.081749,30.889999,45.23,40.922256,201.235657,139.009995,192.740005,404.040009,37.599998,1207.079956,53.644669,164.460007,44.200001,59.523338,23.48,129.191833,38.022812,36.518803,353.309998,69.381401,65.442169,19.58
53.178249,5.1,31.27,88.169998,7.34,86.443665,209.4543,44.082512,58.221889,18.209999,37.720001,35.306572,165.358109,112.07,169.460007,339.23999,35.200001,1090.579956,40.17944,151.789993,40.369999,53.994526,19.139999,130.8936,37.151402,35.789719,304.269989,70.428238,68.368568,18.209999
43.391079,5.02,34.48,95.400002,7.79,93.781471,162.363571,46.367504,53.935555,21.299999,38.560001,34.833965,159.146835,123.150002,180.789993,365.649994,41.400002,1109.650024,37.555199,140.610001,36.23,48.877693,17.530001,137.354538,39.886421,36.749523,333.720001,73.705658,73.690559,19.98
38.46114,3.96,25.280001,83.739998,8.19,88.75663,132.761597,44.407246,52.68576,18.459999,31.73,34.203819,142.938004,97.360001,165.710007,373.5,36.799999,1044.959961,35.392899,131.089996,31.43,50.272942,16.07,121.432854,37.951061,35.051399,300.920013,69.099564,70.9692,19.540001
40.582428,5.21,28.17,89.790001,8.46,94.561035,142.95488,44.587032,46.341995,24.41,38.220001,34.861763,172.311783,122.959999,190.910004,429.269989,46.799999,1125.890015,39.324348,166.690002,34.810001,60.331238,17,125.224991,36.907734,33.759361,333.779999,70.476555,69.614769,21.49
42.218506,5,33.389999,125.059998,9.45,100.111656,153.406769,50.113102,49.963631,23.530001,40.880001,36.186913,191.512436,135.330002,188.75,430.73999,14.2,1126.550049,45.536049,161.449997,41.43,60.836666,16.42,128.574844,38.019394,38.373814,328.01001,73.464081,76.030983,29.01
46.513416,4.62,37.150002,117.690002,8.65,100.386116,178.750839,51.13541,53.370022,25.52,41.330002,37.956871,196.437668,135.179993,183.949997,410.619995,11,1176.890015,45.830902,166.690002,34.200001,59.997143,15.44,132.411301,37.247612,38.167862,236.380005,77.417915,77.78936,26.43
49.138439,4.36,38.049999,103.540001,8.35,111.515938,180.184357,48.60244,81.539734,27.629999,42.060001,40.607182,202.413391,136.130005,168.979996,343.140015,10.6,1198.959961,39.756809,193.399994,33.209999,64.203316,17.379999,133.746872,35.616325,35.552849,229.240005,76.2892,74.117455,25.530001
42.869724,3.57,39.389999,87.110001,7.09,98.720428,134.849594,41.936749,63.258858,27.41,32.610001,35.538235,195.942978,113.68,166.179993,301.720001,5.68,1106.5,37.407768,177.470001,42.330002,63.063965,14.42,124.227379,36.414433,35.288517,219.289993,79.452835,74.588272,23.83
48.65168,4.16,41.02,91.639999,7.75,109.327141,163.676529,45.862999,72.015892,30.370001,38.59,36.298111,206.599304,130.979996,183.380005,313,5.86,1082.800049,38.518398,193,45.759998,62.115932,13.01,132.830963,38.330063,38.970303,233.869995,84.713203,78.95755,24.059999
52.368397,4.69,42.82,73.099998,6.03,119.091904,168.151382,48.430641,69.894051,30.450001,44.889999,40.788902,208.244247,113.290001,166.619995,304.76001,4.31,1218.199951,37.712452,194.229996,49.84,68.260994,13.85,124.190453,34.3661,40.981125,237.820007,84.963699,78.669662,24.889999
51.311405,4.4,45.150002,61.810001,5.78,118.594147,166.94548,45.422287,74.298256,31.450001,45.27,40.788902,189.832764,100.760002,180.020004,290.049988,5.97,1190.530029,34.50832,185.669998,34.169998,72.712738,7.76,122.416573,31.455067,42.510483,219.75,83.599899,81.968491,27.629999
55.264339,4.7,50.900002,61.669998,5.95,123.855423,173.655121,49.702877,72.874763,28.99,42.849998,44.472633,194.218872,97.940002,169.419998,277.399994,5.02,1221.140015,35.501015,178.080002,29.549999,62.241577,7.09,124.313942,32.088718,42.511795,232.820007,80.621811,79.797699,27.23
61.381241,4.85,52.119999,48.060001,5.86,113.07412,200.540878,54.525593,77.459213,33.93,47.549999,49.755932,206.626175,105.400002,195.479996,306.279999,4.17,1258.800049,39.884583,191.649994,32.389999,64.891495,6.85,126.869774,34.267857,46.765835,298.709991,81.122795,82.694557,28.91
65.943619,4.64,55.599998,43.560001,6.23,116.070068,216.223419,55.991699,80.453964,39.150002,47.509998,51.162933,216.631409,113.940002,221.75,369,4.85,1304.089966,40.867443,201.639999,39.060001,63.592232,7.75,132.1064,34.401817,46.241234,299.809998,85.631683,83.19075,32.779999
72.675339,4.38,52.259998,50.630001,6.94,123.871796,234.912384,58.045586,84.960541,45.860001,53.779999,55.991077,218.22403,108.150002,218.949997,375.480011,3.98,1339.390015,42.145168,205.25,45.740002,71.133636,8.47,141.129303,35.329433,47.55751,296.730011,87.849007,86.788223,36.200001
76.600517,4.3,49.529999,47.049999,6.26,116.494919,236.040497,62.002583,82.785721,47,53.09,52.345219,208.73996,99.389999,227.050003,337.940002,7.62,1432.780029,42.587452,201.910004,46.200001,69.557396,8.03,144.031799,33.580097,46.451073,268.850006,87.682022,82.089424,34.490002
67.653778,3.71,42.220001,47.990002,5.8,111.005226,269.625092,53.846134,75.983147,45.48,52.560001,52.24818,187.783447,94.029999,224.029999,444.570007,16,1339.25,37.879539,192.470001,55.669998,58.235294,7.13,130.109482,30.443357,41.777355,308.390015,77.894211,73.557655,34.220001
63.083504,2.85,38.369999,40.900002,4.44,97.185493,263.323181,52.746826,65.64827,45.48,42.060001,46.377048,188.803192,89.790001,237.949997,488.290009,13.58,1161.949951,31.608875,166.800003,33.970001,51.179325,5.25,127.677345,29.732828,43.465675,316.380005,76.493301,73.92276,29.620001
72.885025,4.74,41.279999,60.959999,4.5,112.882225,291.973053,58.458145,76.949478,52.389999,47.889999,52.048336,224.030807,107.470001,251.199997,525.880005,18.129999,1346.699951,37.518158,204.710007,43.540001,63.814964,6.78,146.089432,34.943359,50.881893,296.829987,81.461182,76.858376,36.040001
78.873604,4.77,45.240002,73.720001,4.24,115.478889,354.647156,61.333294,79.111145,53.799999,47.91,49.305336,263.659332,119.900002,287.959991,612.809998,46.040001,1433.52002,37.439167,225.089996,57.959999,77.204453,10.85,144.83342,34.788506,53.139851,307.089996,84.057014,78.195206,50.73
90.743469,5.78,46.82,83.900002,4.83,124.44783,379.511017,58.641346,89.215233,52.610001,51.52,55.614223,263.252228,112.239998,290.309998,623.650024,83.349998,1418.050049,34.526577,227.070007,57.48,92.347229,12.15,137.876404,30.084341,51.475582,267.549988,83.970482,74.911247,55.580002
105.728088,6.52,46.07,72.690002,5.31,125.016312,424.337646,46.781734,104.099846,77.43,50.060001,77.861649,274.307861,102.489998,272,632.070007,143.100006,1487.949951,53.899143,253.669998,68.089996,102.699997,15.79,142.905945,35.402,54.288296,274.690002,78.9711,78.348091,61.189999
128.394058,6.28,41.080002,74.029999,6.17,140.285385,534.661987,49.937763,117.396942,90.82,45.509998,78.216957,254.668869,114.220001,279.119995,619.929993,110.339996,1629.530029,49.911758,293.200012,85.279999,111.68,13.88,150.406158,35.106995,54.502411,287.640015,82.739868,83.259491,75.120003
115.438042,7.69,37.740002,75.900002,6.53,140.916992,540.898315,51.095947,115.997246,81.989998,46.959999,80.013237,247.265915,114.43,272.119995,559.780029,108.349998,1465.599976,51.617805,261.899994,101.540001,110.650002,11.1,146.936356,34.094383,53.760876,283.679993,83.605141,80.994194,77.68
108.510361,11.33,37.060001,79.580002,6.27,142.693375,501.211914,43.69503,122.247292,75.290001,50.34,83.204124,251.937164,115.139999,208.360001,543.559998,80.709999,1616.109985,65.132881,263.109985,89.330002,116.779999,10.6,135.320007,32.961002,49.208862,252.070007,75.067734,73.970802,74.93
118.667633,12.87,52.66,78.43,6.87,160.278107,535.901672,47.711258,145.842529,92.660004,64.089996,96.24971,302.741821,122.110001,227.75,516.030029,139.5,1754.400024,68.426849,276.970001,110.349998,139.210007,12.36,142.791168,37.511944,51.936146,240.169998,87.325844,79.06546,70.43
132.49202,12.76,52.459999,80.290001,8.44,163.140747,522.045776,49.519421,150.965881,91.709999,75.18,108.174286,317.289642,156.240005,236.339996,483.109985,111.510002,1752.640015,71.3526,273.160004,135.940002,151.190002,13.2,156.404709,36.413868,49.042088,244.860001,90.786957,80.452232,73.150002
131.763107,18.68,54.240002,120.099998,9.66,164.691345,519.590027,55.175091,155.538742,85.639999,78.269997,121.06385,324.643616,153.330002,229.080002,503.839996,220.940002,1827.359985,64.831581,258.329987,138.720001,139.860001,13.98,162.11908,35.51366,49.640518,282.609985,86.979736,76.39875,72.480003
121.079071,20.73,58.189999,124.110001,9.99,172.270004,548.580017,60.413296,135.544037,84.510002,91.529999,125.46727,361.393463,152.75,212.550003,450.570007,231.229996,2021.910034,88.014938,257.619995,169.820007,152.850006,14.95,157.478012,33.490002,47.462616,272.880005,82.595657,71.987511,90.910004
122.150002,19.059999,54.970001,122.18,9.99,188.990005,533.929993,64,131.961105,78.5,88.209999,117.836014,381.929993,152.910004,214.889999,473.140015,181.309998,2062.52002,88.82296,294.529999,131.380005,137.380005,13,164.350006,36.23,49.720001,279.75,82.182243,76.418571,92.040001
